sample,min,lowerq,mean,median,upperq,max,n_zero
S30_C_5,0,14,317.13957790296814,70,205,101746,1340
S30_C_6,0,14,335.8430169006979,75,220,118708,1361
S30_C_A,0,23,426.2883208610107,107,301,117945,998
S30_F_5,0,19,376.2443454132683,88,251,117573,1210
S30_F_6,0,17,376.49852854620366,84,246,130672,1199
S30_F_A,0,16,260.43143025309007,69,187,61531,963
